iso3,country,year,n_outbreaks
AGO,Angola,1996,1
ALB,Albania,1996,1
ARG,Argentina,1996,1
BDI,Burundi,1996,1
BEN,Benin,1996,2
BFA,Burkina Faso,1996,2
BIH,Bosnia and Herzegovina,1996,1
BRA,Brazil,1996,1
CAF,Central African Republic,1996,1
CHE,Switzerland,1996,1
CIV,Côte d'Ivoire,1996,2
CMR,Cameroon,1996,1
COD,Congo Democratic Republic of the,1996,2
CPV,Cabo Verde,1996,1
CYP,Cyprus,1996,1
DZA,Algeria,1996,1
ECU,Ecuador,1996,1
ESP,Spain,1996,1
GAB,Gabon,1996,1
GBR,United Kingdom of Great Britain and Northern Ireland,1996,1
GHA,Ghana,1996,4
GNB,Guinea-Bissau,1996,1
IDN,Indonesia,1996,1
IND,India,1996,3
IRN,Iran (Islamic Republic of),1996,1
IRQ,Iraq,1996,1
JPN,Japan,1996,1
LAO,Lao People's Democratic Republic,1996,1
LBR,Liberia,1996,3
MEX,Mexico,1996,2
MLI,Mali,1996,2
MNG,Mongolia,1996,1
MOZ,Mozambique,1996,1
MYS,Malaysia,1996,2
NER,Niger,1996,2
NGA,Nigeria,1996,2
NPL,Nepal,1996,1
PHL,Philippines,1996,3
ROU,Romania,1996,1
RWA,Rwanda,1996,3
SAU,Saudi Arabia,1996,1
SEN,Senegal,1996,1
SLE,Sierra Leone,1996,1
SOM,Somalia,1996,1
TCD,Chad,1996,2
TGO,Togo,1996,2
THA,Thailand,1996,1
TJK,Tajikistan,1996,1
TZA,Tanzania United Republic of,1996,2
UGA,Uganda,1996,1
USA,United States of America,1996,2
VEN,Venezuela (Bolivarian Republic of),1996,1
ZAF,South Africa,1996,2
BDI,Burundi,1997,2
BEN,Benin,1997,1
BFA,Burkina Faso,1997,1
BOL,Bolivia (Plurinational State of),1997,2
CAF,Central African Republic,1997,1
COD,Congo Democratic Republic of the,1997,2
COK,Cook Islands,1997,1
CUB,Cuba,1997,1
DJI,Djibouti,1997,1
ESP,Spain,1997,1
GAB,Gabon,1997,1
GHA,Ghana,1997,3
GLP,Guadeloupe,1997,1
GMB,Gambia,1997,1
IND,India,1997,1
KEN,Kenya,1997,1
LBR,Liberia,1997,1
MLI,Mali,1997,1
MOZ,Mozambique,1997,2
MWI,Malawi,1997,1
MYS,Malaysia,1997,2
NER,Niger,1997,1
NPL,Nepal,1997,1
PSE,Palestine State of,1997,1
RWA,Rwanda,1997,2
SEN,Senegal,1997,1
SLE,Sierra Leone,1997,1
SOM,Somalia,1997,1
TGO,Togo,1997,1
TJK,Tajikistan,1997,1
TZA,Tanzania United Republic of,1997,1
UGA,Uganda,1997,1
ZMB,Zambia,1997,1
ZWE,Zimbabwe,1997,1
AFG,Afghanistan,1998,2
AGO,Angola,1998,1
ARM,Armenia,1998,1
BFA,Burkina Faso,1998,1
BGD,Bangladesh,1998,1
BLZ,Belize,1998,1
BOL,Bolivia (Plurinational State of),1998,1
BRA,Brazil,1998,3
BTN,Bhutan,1998,1
CAN,Canada,1998,1
CHL,Chile,1998,1
CHN,China,1998,1
CMR,Cameroon,1998,2
COD,Congo Democratic Republic of the,1998,2
COG,Congo,1998,1
COK,Cook Islands,1998,1
COL,Colombia,1998,1
COM,Comoros,1998,1
ECU,Ecuador,1998,1
FJI,Fiji,1998,1
FRA,France,1998,1
GTM,Guatemala,1998,4
GUM,Guam,1998,1
HKG,Hong Kong,1998,2
HND,Honduras,1998,4
IDN,Indonesia,1998,1
IND,India,1998,1
IRN,Iran (Islamic Republic of),1998,1
IRQ,Iraq,1998,1
ISR,Israel,1998,1
JPN,Japan,1998,1
KEN,Kenya,1998,1
KHM,Cambodia,1998,3
KIR,Kiribati,1998,1
LBR,Liberia,1998,2
MMR,Myanmar,1998,1
MOZ,Mozambique,1998,2
MYS,Malaysia,1998,1
NCL,New Caledonia,1998,1
NIC,Nicaragua,1998,4
PAK,Pakistan,1998,1
PER,Peru,1998,1
PHL,Philippines,1998,1
RUS,Russian Federation,1998,2
RWA,Rwanda,1998,1
SAU,Saudi Arabia,1998,1
SDN,Sudan,1998,1
SLE,Sierra Leone,1998,1
SLV,El Salvador,1998,2
SOM,Somalia,1998,3
TCD,Chad,1998,1
THA,Thailand,1998,1
TWN,Taiwan Province of China,1998,2
TZA,Tanzania United Republic of,1998,2
UGA,Uganda,1998,2
USA,United States of America,1998,1
VEN,Venezuela (Bolivarian Republic of),1998,2
VNM,Viet Nam,1998,1
ZWE,Zimbabwe,1998,1
AFG,Afghanistan,1999,4
AGO,Angola,1999,2
BDI,Burundi,1999,2
BEL,Belgium,1999,1
BOL,Bolivia (Plurinational State of),1999,2
BRA,Brazil,1999,3
BRN,Brunei Darussalam,1999,1
CHN,China,1999,1
COD,Congo Democratic Republic of the,1999,3
COG,Congo,1999,2
COL,Colombia,1999,1
COM,Comoros,1999,1
DEU,Germany,1999,1
ETH,Ethiopia,1999,1
FJI,Fiji,1999,1
FRA,France,1999,1
GHA,Ghana,1999,1
GNB,Guinea-Bissau,1999,2
HKG,Hong Kong,1999,1
HND,Honduras,1999,1
HUN,Hungary,1999,1
IRQ,Iraq,1999,1
KEN,Kenya,1999,2
KHM,Cambodia,1999,1
MDG,Madagascar,1999,1
MOZ,Mozambique,1999,1
MWI,Malawi,1999,1
MYS,Malaysia,1999,2
NAM,Namibia,1999,1
NER,Niger,1999,1
NIC,Nicaragua,1999,1
NLD,Netherlands,1999,1
PER,Peru,1999,1
RUS,Russian Federation,1999,1
RWA,Rwanda,1999,2
SDN,Sudan,1999,4
SEN,Senegal,1999,1
SGP,Singapore,1999,1
SOM,Somalia,1999,1
TZA,Tanzania United Republic of,1999,1
UGA,Uganda,1999,1
USA,United States of America,1999,3
XXK,Kosovo,1999,1
ZAF,South Africa,1999,1
ZMB,Zambia,1999,1
ZWE,Zimbabwe,1999,2
AFG,Afghanistan,2000,2
AUS,Australia,2000,1
BRA,Brazil,2000,1
CAF,Central African Republic,2000,1
CAN,Canada,2000,2
COD,Congo Democratic Republic of the,2000,2
DEU,Germany,2000,1
ETH,Ethiopia,2000,2
FRA,France,2000,2
FSM,Micronesia (Federated States of),2000,1
GBR,United Kingdom of Great Britain and Northern Ireland,2000,2
IRL,Ireland,2000,1
ISR,Israel,2000,1
JPN,Japan,2000,1
LBR,Liberia,2000,1
LSO,Lesotho,2000,1
MDG,Madagascar,2000,1
NGA,Nigeria,2000,1
NLD,Netherlands,2000,2
PAN,Panama,2000,1
SAU,Saudi Arabia,2000,1
SDN,Sudan,2000,1
SGP,Singapore,2000,1
SLE,Sierra Leone,2000,1
SOM,Somalia,2000,1
UGA,Uganda,2000,2
USA,United States of America,2000,2
XXK,Kosovo,2000,1
YEM,Yemen,2000,2
ZAF,South Africa,2000,1
AFG,Afghanistan,2001,1
AGO,Angola,2001,1
BEL,Belgium,2001,1
BEN,Benin,2001,2
BFA,Burkina Faso,2001,3
BGD,Bangladesh,2001,1
BRA,Brazil,2001,1
CAF,Central African Republic,2001,2
CHN,China,2001,1
CIV,Côte d'Ivoire,2001,2
CMR,Cameroon,2001,1
COD,Congo Democratic Republic of the,2001,2
COG,Congo,2001,1
DNK,Denmark,2001,1
ESP,Spain,2001,1
ETH,Ethiopia,2001,2
FRA,France,2001,1
GAB,Gabon,2001,1
GBR,United Kingdom of Great Britain and Northern Ireland,2001,2
GIN,Guinea,2001,2
GMB,Gambia,2001,1
IND,India,2001,1
LBR,Liberia,2001,1
NER,Niger,2001,2
NGA,Nigeria,2001,1
NOR,Norway,2001,2
PER,Peru,2001,1
SAU,Saudi Arabia,2001,1
SGP,Singapore,2001,1
SOM,Somalia,2001,1
TCD,Chad,2001,3
UGA,Uganda,2001,1
USA,United States of America,2001,1
XXK,Kosovo,2001,1
ZAF,South Africa,2001,1
ZMB,Zambia,2001,1
AFG,Afghanistan,2002,2
BDI,Burundi,2002,1
BFA,Burkina Faso,2002,1
BGD,Bangladesh,2002,1
BRA,Brazil,2002,1
CAN,Canada,2002,1
CIV,Côte d'Ivoire,2002,1
COD,Congo Democratic Republic of the,2002,3
COG,Congo,2002,2
ETH,Ethiopia,2002,1
GAB,Gabon,2002,2
GRC,Greece,2002,1
HKG,Hong Kong,2002,1
HND,Honduras,2002,1
IND,India,2002,1
LBR,Liberia,2002,1
MDG,Madagascar,2002,2
MWI,Malawi,2002,2
NER,Niger,2002,2
PAK,Pakistan,2002,1
RWA,Rwanda,2002,1
SEN,Senegal,2002,1
SLV,El Salvador,2002,1
SOM,Somalia,2002,2
TZA,Tanzania United Republic of,2002,1
USA,United States of America,2002,1
XXK,Kosovo,2002,1
AFG,Afghanistan,2003,2
AUS,Australia,2003,1
AUT,Austria,2003,1
BEL,Belgium,2003,1
BEN,Benin,2003,1
BFA,Burkina Faso,2003,3
BGR,Bulgaria,2003,1
BRA,Brazil,2003,2
CAF,Central African Republic,2003,1
CAN,Canada,2003,3
CHE,Switzerland,2003,2
CHL,Chile,2003,1
CHN,China,2003,1
COD,Congo Democratic Republic of the,2003,1
COG,Congo,2003,1
COL,Colombia,2003,1
CZE,Czechia,2003,1
DEU,Germany,2003,2
DNK,Denmark,2003,1
DZA,Algeria,2003,1
ESP,Spain,2003,2
FIN,Finland,2003,1
FRA,France,2003,3
GBR,United Kingdom of Great Britain and Northern Ireland,2003,3
GHA,Ghana,2003,1
GIN,Guinea,2003,1
GUY,Guyana,2003,1
HKG,Hong Kong,2003,2
HUN,Hungary,2003,1
IDN,Indonesia,2003,1
IND,India,2003,3
IRL,Ireland,2003,1
IRQ,Iraq,2003,1
ISL,Iceland,2003,1
ISR,Israel,2003,1
ITA,Italy,2003,2
JPN,Japan,2003,1
KOR,Korea Republic of,2003,1
LBR,Liberia,2003,1
LVA,Latvia,2003,1
MAR,Morocco,2003,1
MLI,Mali,2003,1
MOZ,Mozambique,2003,1
MRT,Mauritania,2003,1
MYS,Malaysia,2003,1
NER,Niger,2003,1
NOR,Norway,2003,1
PHL,Philippines,2003,1
POL,Poland,2003,1
PRT,Portugal,2003,1
ROU,Romania,2003,1
RUS,Russian Federation,2003,1
SGP,Singapore,2003,1
SLE,Sierra Leone,2003,1
SVN,Slovenia,2003,1
TCD,Chad,2003,1
TGO,Togo,2003,1
THA,Thailand,2003,2
TUN,Tunisia,2003,1
TWN,Taiwan Province of China,2003,1
UKR,Ukraine,2003,1
USA,United States of America,2003,2
VNM,Viet Nam,2003,1
ZAF,South Africa,2003,1
AUT,Austria,2004,1
BDI,Burundi,2004,1
BEL,Belgium,2004,1
BFA,Burkina Faso,2004,2
BGD,Bangladesh,2004,1
CAF,Central African Republic,2004,1
CAN,Canada,2004,1
CHE,Switzerland,2004,1
CHL,Chile,2004,1
CHN,China,2004,2
CMR,Cameroon,2004,1
COD,Congo Democratic Republic of the,2004,1
COG,Congo,2004,1
CZE,Czechia,2004,1
DEU,Germany,2004,1
DNK,Denmark,2004,1
DZA,Algeria,2004,1
ESP,Spain,2004,1
FIN,Finland,2004,1
FRA,France,2004,2
GBR,United Kingdom of Great Britain and Northern Ireland,2004,1
GRC,Greece,2004,1
GUY,Guyana,2004,1
HKG,Hong Kong,2004,1
HRV,Croatia,2004,1
HUN,Hungary,2004,1
IDN,Indonesia,2004,2
ISL,Iceland,2004,1
ISR,Israel,2004,1
ITA,Italy,2004,1
JPN,Japan,2004,1
KEN,Kenya,2004,1
KHM,Cambodia,2004,1
KOR,Korea Republic of,2004,1
LAO,Lao People's Democratic Republic,2004,1
LBR,Liberia,2004,1
LVA,Latvia,2004,1
MAR,Morocco,2004,1
MDG,Madagascar,2004,1
MEX,Mexico,2004,1
MLI,Mali,2004,1
MNE,Montenegro,2004,1
MOZ,Mozambique,2004,1
NGA,Nigeria,2004,2
NOR,Norway,2004,1
PRT,Portugal,2004,1
ROU,Romania,2004,1
RUS,Russian Federation,2004,1
SDN,Sudan,2004,4
SEN,Senegal,2004,1
SLE,Sierra Leone,2004,1
SRB,Serbia,2004,1
SVN,Slovenia,2004,1
SWE,Sweden,2004,1
TCD,Chad,2004,3
THA,Thailand,2004,1
UKR,Ukraine,2004,1
USA,United States of America,2004,2
VEN,Venezuela (Bolivarian Republic of),2004,1
VNM,Viet Nam,2004,1
ZAF,South Africa,2004,1
ZMB,Zambia,2004,1
AFG,Afghanistan,2005,1
AGO,Angola,2005,2
BEN,Benin,2005,1
BFA,Burkina Faso,2005,1
CHN,China,2005,2
COD,Congo Democratic Republic of the,2005,1
COG,Congo,2005,1
ETH,Ethiopia,2005,1
GIN,Guinea,2005,2
GNB,Guinea-Bissau,2005,1
IDN,Indonesia,2005,2
IND,India,2005,2
KAZ,Kazakhstan,2005,1
KHM,Cambodia,2005,1
LAO,Lao People's Democratic Republic,2005,1
LBR,Liberia,2005,1
LKA,Sri Lanka,2005,1
MLI,Mali,2005,2
MNG,Mongolia,2005,1
MRT,Mauritania,2005,1
NER,Niger,2005,1
PHL,Philippines,2005,1
PRK,Korea (Democratic People's Republic of),2005,1
ROU,Romania,2005,1
RUS,Russian Federation,2005,1
SDN,Sudan,2005,2
SEN,Senegal,2005,1
TCD,Chad,2005,1
THA,Thailand,2005,1
TLS,Timor-Leste,2005,1
TUR,Turkey,2005,1
VNM,Viet Nam,2005,1
YEM,Yemen,2005,1
AGO,Angola,2006,1
AUT,Austria,2006,1
AZE,Azerbaijan,2006,1
BFA,Burkina Faso,2006,1
BGD,Bangladesh,2006,1
BGR,Bulgaria,2006,1
CAN,Canada,2006,1
CHN,China,2006,1
CIV,Côte d'Ivoire,2006,2
COD,Congo Democratic Republic of the,2006,1
DEU,Germany,2006,2
DJI,Djibouti,2006,1
EGY,Egypt,2006,1
ETH,Ethiopia,2006,1
FRA,France,2006,1
GRC,Greece,2006,1
IDN,Indonesia,2006,1
IND,India,2006,3
IRN,Iran (Islamic Republic of),2006,1
IRQ,Iraq,2006,1
ITA,Italy,2006,1
KEN,Kenya,2006,2
MLI,Mali,2006,1
NAM,Namibia,2006,1
NER,Niger,2006,1
NGA,Nigeria,2006,1
REU,Réunion,2006,1
SDN,Sudan,2006,2
SOM,Somalia,2006,1
SVN,Slovenia,2006,1
TGO,Togo,2006,1
THA,Thailand,2006,2
TUR,Turkey,2006,2
UGA,Uganda,2006,1
USA,United States of America,2006,1
AGO,Angola,2007,2
BFA,Burkina Faso,2007,1
CHN,China,2007,1
COD,Congo Democratic Republic of the,2007,4
EGY,Egypt,2007,1
GBR,United Kingdom of Great Britain and Northern Ireland,2007,1
IDN,Indonesia,2007,1
IRQ,Iraq,2007,1
JAM,Jamaica,2007,1
KEN,Kenya,2007,1
KHM,Cambodia,2007,1
LAO,Lao People's Democratic Republic,2007,1
MMR,Myanmar,2007,1
NGA,Nigeria,2007,1
PAK,Pakistan,2007,1
SDN,Sudan,2007,2
TCD,Chad,2007,1
TGO,Togo,2007,1
TZA,Tanzania United Republic of,2007,1
UGA,Uganda,2007,3
USA,United States of America,2007,1
VNM,Viet Nam,2007,1
BEN,Benin,2008,2
BFA,Burkina Faso,2008,2
BGD,Bangladesh,2008,1
BRA,Brazil,2008,2
CAF,Central African Republic,2008,2
CHN,China,2008,2
CIV,Côte d'Ivoire,2008,3
COD,Congo Democratic Republic of the,2008,2
EGY,Egypt,2008,1
ETH,Ethiopia,2008,1
GHA,Ghana,2008,2
GIN,Guinea,2008,1
GNB,Guinea-Bissau,2008,1
IDN,Indonesia,2008,1
IRQ,Iraq,2008,1
KHM,Cambodia,2008,1
LBR,Liberia,2008,1
MDG,Madagascar,2008,1
MLI,Mali,2008,1
NER,Niger,2008,2
NGA,Nigeria,2008,2
NLD,Netherlands,2008,1
PAK,Pakistan,2008,1
PRY,Paraguay,2008,1
SDN,Sudan,2008,1
TCD,Chad,2008,1
TGO,Togo,2008,2
UGA,Uganda,2008,1
VNM,Viet Nam,2008,3
ZAF,South Africa,2008,2
ZMB,Zambia,2008,2
ZWE,Zimbabwe,2008,1
ABW,Aruba,2009,1
AFG,Afghanistan,2009,1
AGO,Angola,2009,1
ALB,Albania,2009,1
AND,Andorra,2009,1
ARE,United Arab Emirates,2009,1
ARG,Argentina,2009,1
ARM,Armenia,2009,1
ASM,American Samoa,2009,1
ATG,Antigua and Barbuda,2009,1
AUS,Australia,2009,1
AUT,Austria,2009,1
AZE,Azerbaijan,2009,1
BDI,Burundi,2009,1
BEL,Belgium,2009,1
BES,Bonaire Sint Eustatius and Saba,2009,1
BGD,Bangladesh,2009,1
BGR,Bulgaria,2009,1
BHR,Bahrain,2009,1
BHS,Bahamas,2009,1
BIH,Bosnia and Herzegovina,2009,1
BLZ,Belize,2009,1
BMU,Bermuda,2009,1
BOL,Bolivia (Plurinational State of),2009,1
BRA,Brazil,2009,1
BRB,Barbados,2009,1
BRN,Brunei Darussalam,2009,1
BTN,Bhutan,2009,1
BWA,Botswana,2009,1
CAF,Central African Republic,2009,1
CAN,Canada,2009,1
CHE,Switzerland,2009,1
CHL,Chile,2009,1
CHN,China,2009,1
CIV,Côte d'Ivoire,2009,1
CMR,Cameroon,2009,2
COD,Congo Democratic Republic of the,2009,2
COG,Congo,2009,1
COK,Cook Islands,2009,1
COL,Colombia,2009,1
CPV,Cabo Verde,2009,2
CRI,Costa Rica,2009,1
CUB,Cuba,2009,1
CUW,Curaçao,2009,1
CYM,Cayman Islands,2009,1
CYP,Cyprus,2009,1
CZE,Czechia,2009,1
DEU,Germany,2009,1
DJI,Djibouti,2009,1
DMA,Dominica,2009,1
DNK,Denmark,2009,1
DOM,Dominican Republic,2009,1
DZA,Algeria,2009,1
ECU,Ecuador,2009,1
EGY,Egypt,2009,1
ESP,Spain,2009,1
EST,Estonia,2009,1
ETH,Ethiopia,2009,1
FIN,Finland,2009,1
FJI,Fiji,2009,1
FLK,Falkland Islands (Malvinas),2009,1
FRA,France,2009,1
FSM,Micronesia (Federated States of),2009,1
GAB,Gabon,2009,1
GBR,United Kingdom of Great Britain and Northern Ireland,2009,1
GEO,Georgia,2009,1
GGY,Guernsey,2009,1
GHA,Ghana,2009,1
GLP,Guadeloupe,2009,1
GRC,Greece,2009,1
GRD,Grenada,2009,1
GTM,Guatemala,2009,1
GUF,French Guiana,2009,1
GUM,Guam,2009,1
GUY,Guyana,2009,1
HKG,Hong Kong,2009,1
HND,Honduras,2009,1
HRV,Croatia,2009,1
HTI,Haiti,2009,1
HUN,Hungary,2009,1
IDN,Indonesia,2009,1
IMN,Isle of Man,2009,1
IND,India,2009,1
IRL,Ireland,2009,1
IRN,Iran (Islamic Republic of),2009,1
IRQ,Iraq,2009,1
ISL,Iceland,2009,1
ISR,Israel,2009,1
ITA,Italy,2009,1
JAM,Jamaica,2009,1
JEY,Jersey,2009,1
JOR,Jordan,2009,1
JPN,Japan,2009,1
KAZ,Kazakhstan,2009,1
KEN,Kenya,2009,1
KHM,Cambodia,2009,1
KIR,Kiribati,2009,1
KNA,Saint Kitts and Nevis,2009,1
KOR,Korea Republic of,2009,1
KWT,Kuwait,2009,1
LAO,Lao People's Democratic Republic,2009,1
LBN,Lebanon,2009,1
LBR,Liberia,2009,1
LBY,Libya,2009,1
LCA,Saint Lucia,2009,1
LKA,Sri Lanka,2009,1
LSO,Lesotho,2009,1
LTU,Lithuania,2009,1
LUX,Luxembourg,2009,1
LVA,Latvia,2009,1
MAF,Saint Martin (French part),2009,1
MAR,Morocco,2009,1
MCO,Monaco,2009,1
MDA,Moldova Republic of,2009,1
MDG,Madagascar,2009,1
MDV,Maldives,2009,1
MEX,Mexico,2009,1
MHL,Marshall Islands,2009,1
MKD,North Macedonia,2009,1
MMR,Myanmar,2009,1
MNE,Montenegro,2009,1
MNG,Mongolia,2009,1
MOZ,Mozambique,2009,1
MTQ,Martinique,2009,1
MUS,Mauritius,2009,1
MWI,Malawi,2009,1
MYS,Malaysia,2009,1
NAM,Namibia,2009,1
NCL,New Caledonia,2009,1
NER,Niger,2009,1
NGA,Nigeria,2009,3
NIC,Nicaragua,2009,1
NLD,Netherlands,2009,1
NOR,Norway,2009,1
NPL,Nepal,2009,1
NRU,Nauru,2009,1
NZL,New Zealand,2009,1
OMN,Oman,2009,1
PAK,Pakistan,2009,1
PAN,Panama,2009,1
PER,Peru,2009,1
PHL,Philippines,2009,2
PNG,Papua New Guinea,2009,1
POL,Poland,2009,1
PRI,Puerto Rico,2009,1
PRK,Korea (Democratic People's Republic of),2009,1
PRT,Portugal,2009,1
PRY,Paraguay,2009,1
PSE,Palestine State of,2009,1
PYF,French Polynesia,2009,1
QAT,Qatar,2009,1
REU,Réunion,2009,1
ROU,Romania,2009,1
RUS,Russian Federation,2009,1
RWA,Rwanda,2009,1
SAU,Saudi Arabia,2009,1
SDN,Sudan,2009,2
SGP,Singapore,2009,1
SLB,Solomon Islands,2009,1
SLE,Sierra Leone,2009,1
SLV,El Salvador,2009,1
SOM,Somalia,2009,1
SRB,Serbia,2009,1
STP,Sao Tome and Principe,2009,1
SUR,Suriname,2009,1
SVK,Slovakia,2009,1
SVN,Slovenia,2009,1
SWE,Sweden,2009,1
SWZ,Eswatini,2009,1
SXM,Sint Maarten (Dutch part),2009,1
SYC,Seychelles,2009,1
SYR,Syrian Arab Republic,2009,1
TCA,Turks and Caicos Islands,2009,1
TCD,Chad,2009,1
THA,Thailand,2009,1
TJK,Tajikistan,2009,1
TLS,Timor-Leste,2009,1
TON,Tonga,2009,1
TTO,Trinidad and Tobago,2009,1
TUN,Tunisia,2009,1
TUR,Turkey,2009,1
TUV,Tuvalu,2009,1
TZA,Tanzania United Republic of,2009,1
UGA,Uganda,2009,1
UKR,Ukraine,2009,1
URY,Uruguay,2009,1
USA,United States of America,2009,1
VCT,Saint Vincent and the Grenadines,2009,1
VEN,Venezuela (Bolivarian Republic of),2009,1
VGB,Virgin Islands (British),2009,1
VIR,Virgin Islands (U.S.),2009,1
VNM,Viet Nam,2009,1
VUT,Vanuatu,2009,1
WLF,Wallis and Futuna,2009,1
WSM,Samoa,2009,1
YEM,Yemen,2009,1
ZAF,South Africa,2009,1
ZMB,Zambia,2009,1
ZWE,Zimbabwe,2009,2
AGO,Angola,2010,1
ARG,Argentina,2010,1
AUS,Australia,2010,1
BGD,Bangladesh,2010,1
BOL,Bolivia (Plurinational State of),2010,1
BRA,Brazil,2010,1
BTN,Bhutan,2010,1
CHL,Chile,2010,1
CHN,China,2010,1
CIV,Côte d'Ivoire,2010,1
CMR,Cameroon,2010,3
COD,Congo Democratic Republic of the,2010,2
COG,Congo,2010,2
COL,Colombia,2010,1
CRI,Costa Rica,2010,1
CUB,Cuba,2010,1
CYP,Cyprus,2010,1
DOM,Dominican Republic,2010,1
EGY,Egypt,2010,1
GHA,Ghana,2010,1
GIN,Guinea,2010,2
GTM,Guatemala,2010,1
HKG,Hong Kong,2010,1
HND,Honduras,2010,1
HTI,Haiti,2010,1
IDN,Indonesia,2010,1
IND,India,2010,1
ITA,Italy,2010,1
JAM,Jamaica,2010,1
KEN,Kenya,2010,1
KHM,Cambodia,2010,1
KOR,Korea Republic of,2010,1
MEX,Mexico,2010,1
MLI,Mali,2010,1
MRT,Mauritania,2010,1
MYS,Malaysia,2010,1
NER,Niger,2010,2
NGA,Nigeria,2010,2
NIC,Nicaragua,2010,1
NZL,New Zealand,2010,1
PAK,Pakistan,2010,2
PAN,Panama,2010,1
PER,Peru,2010,2
PHL,Philippines,2010,1
RUS,Russian Federation,2010,2
RWA,Rwanda,2010,1
SDN,Sudan,2010,1
SEN,Senegal,2010,2
SGP,Singapore,2010,1
SLV,El Salvador,2010,1
STP,Sao Tome and Principe,2010,1
TCD,Chad,2010,3
THA,Thailand,2010,1
TJK,Tajikistan,2010,1
TZA,Tanzania United Republic of,2010,1
URY,Uruguay,2010,1
VEN,Venezuela (Bolivarian Republic of),2010,1
VNM,Viet Nam,2010,1
ZAF,South Africa,2010,2
AGO,Angola,2011,1
ALB,Albania,2011,1
AUT,Austria,2011,1
BGD,Bangladesh,2011,1
BRA,Brazil,2011,1
CAN,Canada,2011,1
CHE,Switzerland,2011,1
CHL,Chile,2011,1
CHN,China,2011,1
CIV,Côte d'Ivoire,2011,2
COD,Congo Democratic Republic of the,2011,2
COL,Colombia,2011,1
DEU,Germany,2011,2
DNK,Denmark,2011,1
ECU,Ecuador,2011,1
EGY,Egypt,2011,1
ETH,Ethiopia,2011,1
FRA,France,2011,2
GBR,United Kingdom of Great Britain and Northern Ireland,2011,2
GRC,Greece,2011,1
IDN,Indonesia,2011,1
ISR,Israel,2011,1
KGZ,Kyrgyzstan,2011,1
KHM,Cambodia,2011,1
MEX,Mexico,2011,1
MKD,North Macedonia,2011,1
NGA,Nigeria,2011,1
NLD,Netherlands,2011,1
NOR,Norway,2011,1
PAK,Pakistan,2011,1
ROU,Romania,2011,2
RUS,Russian Federation,2011,1
SEN,Senegal,2011,1
SLE,Sierra Leone,2011,1
SWE,Sweden,2011,1
TCD,Chad,2011,2
UGA,Uganda,2011,2
USA,United States of America,2011,2
ZMB,Zambia,2011,1
BEN,Benin,2012,1
BFA,Burkina Faso,2012,1
BGD,Bangladesh,2012,1
CAF,Central African Republic,2012,1
CHN,China,2012,1
CIV,Côte d'Ivoire,2012,1
CMR,Cameroon,2012,1
COD,Congo Democratic Republic of the,2012,2
COG,Congo,2012,1
EGY,Egypt,2012,1
GBR,United Kingdom of Great Britain and Northern Ireland,2012,1
GHA,Ghana,2012,2
GMB,Gambia,2012,1
HKG,Hong Kong,2012,1
IDN,Indonesia,2012,1
KHM,Cambodia,2012,3
MLI,Mali,2012,1
MRT,Mauritania,2012,1
NGA,Nigeria,2012,2
PRT,Portugal,2012,1
SDN,Sudan,2012,2
SLE,Sierra Leone,2012,1
TCD,Chad,2012,1
UGA,Uganda,2012,2
USA,United States of America,2012,1
VNM,Viet Nam,2012,1
ARE,United Arab Emirates,2013,1
BEN,Benin,2013,1
BFA,Burkina Faso,2013,1
CHN,China,2013,1
CMR,Cameroon,2013,2
COD,Congo Democratic Republic of the,2013,1
DEU,Germany,2013,1
ESP,Spain,2013,1
ETH,Ethiopia,2013,1
FRA,France,2013,1
GBR,United Kingdom of Great Britain and Northern Ireland,2013,1
GIN,Guinea,2013,1
ISR,Israel,2013,1
ITA,Italy,2013,1
JOR,Jordan,2013,1
KEN,Kenya,2013,1
KHM,Cambodia,2013,1
KWT,Kuwait,2013,1
MAF,Saint Martin (French part),2013,1
MEX,Mexico,2013,1
NER,Niger,2013,1
NGA,Nigeria,2013,1
OMN,Oman,2013,1
QAT,Qatar,2013,1
SAU,Saudi Arabia,2013,1
SDN,Sudan,2013,1
SOM,Somalia,2013,1
SSD,South Sudan,2013,2
SYR,Syrian Arab Republic,2013,1
TCD,Chad,2013,1
TUN,Tunisia,2013,1
ARE,United Arab Emirates,2014,1
AUT,Austria,2014,1
BRA,Brazil,2014,2
CAN,Canada,2014,1
CHN,China,2014,1
CMR,Cameroon,2014,1
COD,Congo Democratic Republic of the,2014,2
DZA,Algeria,2014,1
EGY,Egypt,2014,1
ESP,Spain,2014,1
FRA,France,2014,1
GBR,United Kingdom of Great Britain and Northern Ireland,2014,1
GIN,Guinea,2014,1
GNQ,Equatorial Guinea,2014,1
GRC,Greece,2014,1
IRN,Iran (Islamic Republic of),2014,1
JOR,Jordan,2014,1
LBN,Lebanon,2014,1
LBR,Liberia,2014,1
MDG,Madagascar,2014,2
MLI,Mali,2014,1
MYS,Malaysia,2014,1
NGA,Nigeria,2014,1
NLD,Netherlands,2014,1
PRT,Portugal,2014,1
QAT,Qatar,2014,1
SAU,Saudi Arabia,2014,1
SEN,Senegal,2014,1
SLE,Sierra Leone,2014,1
SSD,South Sudan,2014,1
SYR,Syrian Arab Republic,2014,1
TUR,Turkey,2014,1
UGA,Uganda,2014,1
USA,United States of America,2014,3
YEM,Yemen,2014,1
ARE,United Arab Emirates,2015,1
BIH,Bosnia and Herzegovina,2015,1
BRA,Brazil,2015,2
CAN,Canada,2015,2
CHL,Chile,2015,1
CHN,China,2015,2
COD,Congo Democratic Republic of the,2015,1
COL,Colombia,2015,1
CPV,Cabo Verde,2015,1
DEU,Germany,2015,2
EGY,Egypt,2015,1
ESP,Spain,2015,1
GEO,Georgia,2015,1
GTM,Guatemala,2015,1
HND,Honduras,2015,1
HRV,Croatia,2015,1
IRN,Iran (Islamic Republic of),2015,1
IRQ,Iraq,2015,1
ITA,Italy,2015,2
JOR,Jordan,2015,1
KAZ,Kazakhstan,2015,1
KGZ,Kyrgyzstan,2015,1
KOR,Korea Republic of,2015,2
KWT,Kuwait,2015,1
LAO,Lao People's Democratic Republic,2015,1
MDG,Madagascar,2015,2
MEX,Mexico,2015,2
MMR,Myanmar,2015,1
NER,Niger,2015,1
NGA,Nigeria,2015,1
OMN,Oman,2015,1
PAN,Panama,2015,1
PHL,Philippines,2015,1
PRT,Portugal,2015,1
PRY,Paraguay,2015,1
QAT,Qatar,2015,1
RUS,Russian Federation,2015,1
SAU,Saudi Arabia,2015,1
SEN,Senegal,2015,1
SLV,El Salvador,2015,1
SRB,Serbia,2015,1
SUR,Suriname,2015,1
THA,Thailand,2015,1
TZA,Tanzania United Republic of,2015,1
UGA,Uganda,2015,1
UKR,Ukraine,2015,1
USA,United States of America,2015,2
VEN,Venezuela (Bolivarian Republic of),2015,1
AGO,Angola,2016,1
ARE,United Arab Emirates,2016,1
ARG,Argentina,2016,1
AUT,Austria,2016,1
BEN,Benin,2016,1
BFA,Burkina Faso,2016,1
BHR,Bahrain,2016,1
BOL,Bolivia (Plurinational State of),2016,1
BRB,Barbados,2016,1
CAF,Central African Republic,2016,1
CHL,Chile,2016,1
CHN,China,2016,3
COD,Congo Democratic Republic of the,2016,1
CRI,Costa Rica,2016,1
CUB,Cuba,2016,1
CUW,Curaçao,2016,1
DEU,Germany,2016,1
DMA,Dominica,2016,1
DOM,Dominican Republic,2016,1
ECU,Ecuador,2016,1
FRA,France,2016,1
GBR,United Kingdom of Great Britain and Northern Ireland,2016,1
GUY,Guyana,2016,1
HTI,Haiti,2016,1
JAM,Jamaica,2016,1
KEN,Kenya,2016,2
LAO,Lao People's Democratic Republic,2016,1
LBR,Liberia,2016,1
LCA,Saint Lucia,2016,1
MDV,Maldives,2016,1
NER,Niger,2016,1
NGA,Nigeria,2016,2
NIC,Nicaragua,2016,1
NLD,Netherlands,2016,1
OMN,Oman,2016,1
PAK,Pakistan,2016,1
PER,Peru,2016,2
PNG,Papua New Guinea,2016,1
QAT,Qatar,2016,1
SAU,Saudi Arabia,2016,1
SSD,South Sudan,2016,1
SWE,Sweden,2016,1
TGO,Togo,2016,1
THA,Thailand,2016,1
TTO,Trinidad and Tobago,2016,1
UGA,Uganda,2016,1
URY,Uruguay,2016,1
USA,United States of America,2016,4
VCT,Saint Vincent and the Grenadines,2016,1
VNM,Viet Nam,2016,1
ARE,United Arab Emirates,2017,1
AUT,Austria,2017,1
BEL,Belgium,2017,1
BEN,Benin,2017,1
BFA,Burkina Faso,2017,2
BGD,Bangladesh,2017,1
BRA,Brazil,2017,1
CHN,China,2017,1
CIV,Côte d'Ivoire,2017,1
COD,Congo Democratic Republic of the,2017,2
DEU,Germany,2017,1
DNK,Denmark,2017,1
ESP,Spain,2017,1
FIN,Finland,2017,1
FRA,France,2017,4
GBR,United Kingdom of Great Britain and Northern Ireland,2017,1
IND,India,2017,1
IRL,Ireland,2017,1
ITA,Italy,2017,2
KEN,Kenya,2017,1
LBN,Lebanon,2017,1
LBR,Liberia,2017,2
LKA,Sri Lanka,2017,1
MDG,Madagascar,2017,1
NER,Niger,2017,1
NGA,Nigeria,2017,6
NLD,Netherlands,2017,1
NOR,Norway,2017,1
OMN,Oman,2017,1
PRT,Portugal,2017,1
QAT,Qatar,2017,1
SAU,Saudi Arabia,2017,1
SUR,Suriname,2017,1
SVN,Slovenia,2017,1
SWE,Sweden,2017,1
SYC,Seychelles,2017,1
SYR,Syrian Arab Republic,2017,1
TCD,Chad,2017,1
TGO,Togo,2017,2
UGA,Uganda,2017,1
USA,United States of America,2017,2
YEM,Yemen,2017,1
ZMB,Zambia,2017,1
ARE,United Arab Emirates,2018,1
AUS,Australia,2018,1
BRA,Brazil,2018,2
CHN,China,2018,1
CMR,Cameroon,2018,2
COD,Congo Democratic Republic of the,2018,3
COG,Congo,2018,1
DZA,Algeria,2018,1
FRA,France,2018,1
GBR,United Kingdom of Great Britain and Northern Ireland,2018,1
GMB,Gambia,2018,1
IND,India,2018,1
JPN,Japan,2018,1
KEN,Kenya,2018,3
KOR,Korea Republic of,2018,1
LBR,Liberia,2018,1
MOZ,Mozambique,2018,1
MYS,Malaysia,2018,1
NAM,Namibia,2018,1
NER,Niger,2018,2
NGA,Nigeria,2018,3
NLD,Netherlands,2018,2
OMN,Oman,2018,1
PAK,Pakistan,2018,1
PNG,Papua New Guinea,2018,1
REU,Réunion,2018,1
SAU,Saudi Arabia,2018,1
SDN,Sudan,2018,1
SOM,Somalia,2018,2
TZA,Tanzania United Republic of,2018,1
ZAF,South Africa,2018,1
ZWE,Zimbabwe,2018,1
AFG,Afghanistan,2019,1
AGO,Angola,2019,1
ARE,United Arab Emirates,2019,1
ARG,Argentina,2019,1
ASM,American Samoa,2019,1
AUS,Australia,2019,1
BEN,Benin,2019,1
BGD,Bangladesh,2019,1
BRA,Brazil,2019,2
CAF,Central African Republic,2019,1
CHN,China,2019,1
CIV,Côte d'Ivoire,2019,1
CMR,Cameroon,2019,1
COD,Congo Democratic Republic of the,2019,3
COG,Congo,2019,1
COL,Colombia,2019,1
ESP,Spain,2019,2
ETH,Ethiopia,2019,1
FJI,Fiji,2019,1
FRA,France,2019,3
GBR,United Kingdom of Great Britain and Northern Ireland,2019,1
GEO,Georgia,2019,1
GHA,Ghana,2019,1
GIN,Guinea,2019,1
GRC,Greece,2019,1
HKG,Hong Kong,2019,1
IDN,Indonesia,2019,1
IRN,Iran (Islamic Republic of),2019,1
IRQ,Iraq,2019,1
ISR,Israel,2019,1
JAM,Jamaica,2019,1
JPN,Japan,2019,1
KAZ,Kazakhstan,2019,1
KEN,Kenya,2019,1
KGZ,Kyrgyzstan,2019,1
KOR,Korea Republic of,2019,1
LBN,Lebanon,2019,1
MAC,Macao,2019,1
MDG,Madagascar,2019,1
MEX,Mexico,2019,1
MLI,Mali,2019,1
MMR,Myanmar,2019,2
MOZ,Mozambique,2019,1
MYS,Malaysia,2019,1
NER,Niger,2019,1
NGA,Nigeria,2019,4
NLD,Netherlands,2019,1
NZL,New Zealand,2019,1
OMN,Oman,2019,1
PAK,Pakistan,2019,4
PAN,Panama,2019,1
PHL,Philippines,2019,2
PNG,Papua New Guinea,2019,1
QAT,Qatar,2019,1
REU,Réunion,2019,1
RUS,Russian Federation,2019,1
SAU,Saudi Arabia,2019,1
SDN,Sudan,2019,4
SGP,Singapore,2019,1
SOM,Somalia,2019,2
SRB,Serbia,2019,1
TCD,Chad,2019,2
TGO,Togo,2019,1
TON,Tonga,2019,1
TUN,Tunisia,2019,1
TUR,Turkey,2019,1
TZA,Tanzania United Republic of,2019,1
UGA,Uganda,2019,1
UKR,Ukraine,2019,1
USA,United States of America,2019,1
VEN,Venezuela (Bolivarian Republic of),2019,2
VNM,Viet Nam,2019,1
WSM,Samoa,2019,1
YEM,Yemen,2019,1
ZMB,Zambia,2019,1
ABW,Aruba,2020,1
AFG,Afghanistan,2020,1
AGO,Angola,2020,1
AIA,Anguilla,2020,1
ALB,Albania,2020,1
AND,Andorra,2020,1
ARE,United Arab Emirates,2020,2
ARG,Argentina,2020,1
ARM,Armenia,2020,1
ATG,Antigua and Barbuda,2020,1
AUS,Australia,2020,1
AUT,Austria,2020,1
AZE,Azerbaijan,2020,1
BDI,Burundi,2020,2
BEL,Belgium,2020,1
BEN,Benin,2020,1
BES,Bonaire Sint Eustatius and Saba,2020,3
BFA,Burkina Faso,2020,2
BGD,Bangladesh,2020,1
BGR,Bulgaria,2020,1
BHR,Bahrain,2020,1
BHS,Bahamas,2020,1
BIH,Bosnia and Herzegovina,2020,1
BLM,Saint Barthélemy,2020,2
BLR,Belarus,2020,1
BLZ,Belize,2020,1
BMU,Bermuda,2020,1
BOL,Bolivia (Plurinational State of),2020,1
BRA,Brazil,2020,2
BRB,Barbados,2020,1
BRN,Brunei Darussalam,2020,1
BTN,Bhutan,2020,1
BWA,Botswana,2020,1
CAF,Central African Republic,2020,2
CAN,Canada,2020,1
CHE,Switzerland,2020,1
CHL,Chile,2020,2
CHN,China,2020,2
CIV,Côte d'Ivoire,2020,1
CMR,Cameroon,2020,1
COD,Congo Democratic Republic of the,2020,4
COG,Congo,2020,1
COL,Colombia,2020,1
COM,Comoros,2020,1
CPV,Cabo Verde,2020,1
CRI,Costa Rica,2020,1
CUB,Cuba,2020,1
CUW,Curaçao,2020,1
CYM,Cayman Islands,2020,1
CYP,Cyprus,2020,1
CZE,Czechia,2020,1
DEU,Germany,2020,1
DJI,Djibouti,2020,1
DMA,Dominica,2020,1
DNK,Denmark,2020,1
DOM,Dominican Republic,2020,1
DZA,Algeria,2020,1
ECU,Ecuador,2020,1
EGY,Egypt,2020,1
ERI,Eritrea,2020,1
ESP,Spain,2020,1
EST,Estonia,2020,1
ETH,Ethiopia,2020,3
FIN,Finland,2020,1
FJI,Fiji,2020,1
FLK,Falkland Islands (Malvinas),2020,1
FRA,France,2020,1
FRO,Faroe Islands,2020,1
GAB,Gabon,2020,2
GBR,United Kingdom of Great Britain and Northern Ireland,2020,1
GEO,Georgia,2020,1
GGY,Guernsey,2020,1
GHA,Ghana,2020,1
GIB,Gibraltar,2020,1
GIN,Guinea,2020,2
GLP,Guadeloupe,2020,2
GMB,Gambia,2020,1
GNB,Guinea-Bissau,2020,1
GNQ,Equatorial Guinea,2020,1
GRC,Greece,2020,1
GRD,Grenada,2020,1
GRL,Greenland,2020,1
GTM,Guatemala,2020,1
GUF,French Guiana,2020,5
GUM,Guam,2020,1
GUY,Guyana,2020,1
HND,Honduras,2020,1
HRV,Croatia,2020,1
HTI,Haiti,2020,1
HUN,Hungary,2020,1
IDN,Indonesia,2020,1
IMN,Isle of Man,2020,1
IND,India,2020,1
IRL,Ireland,2020,1
IRN,Iran (Islamic Republic of),2020,1
IRQ,Iraq,2020,1
ISL,Iceland,2020,1
ISR,Israel,2020,1
ITA,Italy,2020,1
JAM,Jamaica,2020,1
JEY,Jersey,2020,1
JOR,Jordan,2020,1
JPN,Japan,2020,1
KAZ,Kazakhstan,2020,1
KEN,Kenya,2020,1
KGZ,Kyrgyzstan,2020,1
KHM,Cambodia,2020,1
KNA,Saint Kitts and Nevis,2020,1
KOR,Korea Republic of,2020,1
KWT,Kuwait,2020,1
LAO,Lao People's Democratic Republic,2020,2
LBN,Lebanon,2020,1
LBR,Liberia,2020,1
LBY,Libya,2020,1
LCA,Saint Lucia,2020,1
LIE,Liechtenstein,2020,1
LKA,Sri Lanka,2020,1
LSO,Lesotho,2020,1
LTU,Lithuania,2020,1
LUX,Luxembourg,2020,1
LVA,Latvia,2020,1
MAF,Saint Martin (French part),2020,2
MAR,Morocco,2020,1
MCO,Monaco,2020,1
MDA,Moldova Republic of,2020,1
MDG,Madagascar,2020,1
MDV,Maldives,2020,1
MEX,Mexico,2020,2
MHL,Marshall Islands,2020,1
MKD,North Macedonia,2020,1
MLI,Mali,2020,1
MLT,Malta,2020,1
MMR,Myanmar,2020,1
MNE,Montenegro,2020,1
MNG,Mongolia,2020,1
MNP,Northern Mariana Islands,2020,1
MOZ,Mozambique,2020,1
MRT,Mauritania,2020,2
MSR,Montserrat,2020,1
MTQ,Martinique,2020,2
MUS,Mauritius,2020,1
MWI,Malawi,2020,1
MYS,Malaysia,2020,1
MYT,Mayotte,2020,2
NCL,New Caledonia,2020,1
NER,Niger,2020,1
NGA,Nigeria,2020,3
NIC,Nicaragua,2020,1
NLD,Netherlands,2020,1
NOR,Norway,2020,1
NPL,Nepal,2020,1
NZL,New Zealand,2020,1
OMN,Oman,2020,1
PAK,Pakistan,2020,1
PAN,Panama,2020,1
PER,Peru,2020,1
PHL,Philippines,2020,1
PNG,Papua New Guinea,2020,1
POL,Poland,2020,1
PRI,Puerto Rico,2020,1
PRT,Portugal,2020,1
PRY,Paraguay,2020,1
PSE,Palestine State of,2020,2
PYF,French Polynesia,2020,1
QAT,Qatar,2020,2
REU,Réunion,2020,1
ROU,Romania,2020,1
RUS,Russian Federation,2020,1
RWA,Rwanda,2020,1
SAU,Saudi Arabia,2020,2
SDN,Sudan,2020,2
SEN,Senegal,2020,2
SGP,Singapore,2020,1
SLB,Solomon Islands,2020,1
SLE,Sierra Leone,2020,1
SLV,El Salvador,2020,1
SMR,San Marino,2020,1
SOM,Somalia,2020,1
SPM,Saint Pierre and Miquelon,2020,1
SRB,Serbia,2020,1
SSD,South Sudan,2020,2
STP,Sao Tome and Principe,2020,1
SUR,Suriname,2020,1
SVK,Slovakia,2020,1
SVN,Slovenia,2020,1
SWE,Sweden,2020,1
SWZ,Eswatini,2020,1
SXM,Sint Maarten (Dutch part),2020,1
SYC,Seychelles,2020,1
SYR,Syrian Arab Republic,2020,1
TCA,Turks and Caicos Islands,2020,1
TCD,Chad,2020,2
TGO,Togo,2020,2
THA,Thailand,2020,1
TJK,Tajikistan,2020,1
TLS,Timor-Leste,2020,1
TTO,Trinidad and Tobago,2020,1
TUN,Tunisia,2020,1
TUR,Turkey,2020,1
TZA,Tanzania United Republic of,2020,1
UGA,Uganda,2020,2
UKR,Ukraine,2020,1
URY,Uruguay,2020,1
USA,United States of America,2020,1
UZB,Uzbekistan,2020,1
VAT,Holy See,2020,1
VCT,Saint Vincent and the Grenadines,2020,1
VEN,Venezuela (Bolivarian Republic of),2020,1
VGB,Virgin Islands (British),2020,1
VIR,Virgin Islands (U.S.),2020,1
VNM,Viet Nam,2020,1
VUT,Vanuatu,2020,1
WLF,Wallis and Futuna,2020,1
WSM,Samoa,2020,1
YEM,Yemen,2020,1
ZAF,South Africa,2020,1
ZMB,Zambia,2020,1
ZWE,Zimbabwe,2020,1
ABW,Aruba,2021,1
AFG,Afghanistan,2021,1
AGO,Angola,2021,2
AIA,Anguilla,2021,1
ALB,Albania,2021,1
AND,Andorra,2021,1
ARE,United Arab Emirates,2021,2
ARG,Argentina,2021,1
ARM,Armenia,2021,1
ASM,American Samoa,2021,1
ATG,Antigua and Barbuda,2021,1
AUS,Australia,2021,1
AUT,Austria,2021,1
AZE,Azerbaijan,2021,1
BDI,Burundi,2021,1
BEL,Belgium,2021,1
BEN,Benin,2021,2
BES,Bonaire Sint Eustatius and Saba,2021,3
BFA,Burkina Faso,2021,2
BGD,Bangladesh,2021,1
BGR,Bulgaria,2021,1
BHR,Bahrain,2021,1
BHS,Bahamas,2021,1
BIH,Bosnia and Herzegovina,2021,1
BLM,Saint Barthélemy,2021,1
BLR,Belarus,2021,1
BLZ,Belize,2021,1
BMU,Bermuda,2021,1
BOL,Bolivia (Plurinational State of),2021,1
BRA,Brazil,2021,2
BRB,Barbados,2021,1
BRN,Brunei Darussalam,2021,1
BTN,Bhutan,2021,1
BWA,Botswana,2021,1
CAF,Central African Republic,2021,3
CAN,Canada,2021,1
CHE,Switzerland,2021,1
CHL,Chile,2021,1
CHN,China,2021,2
CIV,Côte d'Ivoire,2021,3
CMR,Cameroon,2021,4
COD,Congo Democratic Republic of the,2021,5
COG,Congo,2021,3
COL,Colombia,2021,1
COM,Comoros,2021,1
CPV,Cabo Verde,2021,1
CRI,Costa Rica,2021,1
CUB,Cuba,2021,1
CUW,Curaçao,2021,1
CYM,Cayman Islands,2021,1
CYP,Cyprus,2021,1
CZE,Czechia,2021,1
DEU,Germany,2021,1
DJI,Djibouti,2021,1
DMA,Dominica,2021,1
DNK,Denmark,2021,1
DOM,Dominican Republic,2021,1
DZA,Algeria,2021,1
ECU,Ecuador,2021,1
EGY,Egypt,2021,1
ERI,Eritrea,2021,1
ESP,Spain,2021,1
EST,Estonia,2021,1
ETH,Ethiopia,2021,2
FIN,Finland,2021,1
FJI,Fiji,2021,1
FLK,Falkland Islands (Malvinas),2021,1
FRA,France,2021,1
FRO,Faroe Islands,2021,1
GAB,Gabon,2021,1
GBR,United Kingdom of Great Britain and Northern Ireland,2021,2
GEO,Georgia,2021,1
GGY,Guernsey,2021,1
GHA,Ghana,2021,3
GIB,Gibraltar,2021,1
GIN,Guinea,2021,4
GLP,Guadeloupe,2021,1
GMB,Gambia,2021,1
GNB,Guinea-Bissau,2021,1
GNQ,Equatorial Guinea,2021,1
GRC,Greece,2021,1
GRD,Grenada,2021,1
GRL,Greenland,2021,1
GTM,Guatemala,2021,1
GUF,French Guiana,2021,1
GUM,Guam,2021,1
GUY,Guyana,2021,1
HND,Honduras,2021,1
HRV,Croatia,2021,1
HTI,Haiti,2021,1
HUN,Hungary,2021,1
IDN,Indonesia,2021,1
IMN,Isle of Man,2021,1
IND,India,2021,4
IRL,Ireland,2021,1
IRN,Iran (Islamic Republic of),2021,1
IRQ,Iraq,2021,1
ISL,Iceland,2021,1
ISR,Israel,2021,1
ITA,Italy,2021,1
JAM,Jamaica,2021,1
JEY,Jersey,2021,1
JOR,Jordan,2021,1
JPN,Japan,2021,1
KAZ,Kazakhstan,2021,1
KEN,Kenya,2021,3
KGZ,Kyrgyzstan,2021,1
KHM,Cambodia,2021,1
KNA,Saint Kitts and Nevis,2021,1
KOR,Korea Republic of,2021,1
KWT,Kuwait,2021,1
LAO,Lao People's Democratic Republic,2021,1
LBN,Lebanon,2021,1
LBR,Liberia,2021,2
LBY,Libya,2021,1
LCA,Saint Lucia,2021,1
LIE,Liechtenstein,2021,1
LKA,Sri Lanka,2021,1
LSO,Lesotho,2021,1
LTU,Lithuania,2021,1
LUX,Luxembourg,2021,1
LVA,Latvia,2021,1
MAF,Saint Martin (French part),2021,1
MAR,Morocco,2021,1
MCO,Monaco,2021,1
MDA,Moldova Republic of,2021,1
MDG,Madagascar,2021,2
MDV,Maldives,2021,1
MEX,Mexico,2021,1
MKD,North Macedonia,2021,1
MLI,Mali,2021,2
MLT,Malta,2021,1
MMR,Myanmar,2021,1
MNE,Montenegro,2021,1
MNG,Mongolia,2021,1
MNP,Northern Mariana Islands,2021,1
MOZ,Mozambique,2021,1
MRT,Mauritania,2021,1
MSR,Montserrat,2021,1
MTQ,Martinique,2021,1
MUS,Mauritius,2021,1
MWI,Malawi,2021,1
MYS,Malaysia,2021,1
MYT,Mayotte,2021,1
NCL,New Caledonia,2021,1
NER,Niger,2021,3
NGA,Nigeria,2021,3
NIC,Nicaragua,2021,1
NLD,Netherlands,2021,1
NOR,Norway,2021,1
NPL,Nepal,2021,1
NZL,New Zealand,2021,1
OMN,Oman,2021,1
PAK,Pakistan,2021,2
PAN,Panama,2021,1
PER,Peru,2021,1
PHL,Philippines,2021,1
PLW,Palau,2021,1
PNG,Papua New Guinea,2021,1
POL,Poland,2021,1
PRI,Puerto Rico,2021,1
PRT,Portugal,2021,1
PRY,Paraguay,2021,1
PSE,Palestine State of,2021,1
PYF,French Polynesia,2021,1
QAT,Qatar,2021,1
REU,Réunion,2021,1
ROU,Romania,2021,1
RUS,Russian Federation,2021,2
RWA,Rwanda,2021,1
SAU,Saudi Arabia,2021,2
SDN,Sudan,2021,1
SEN,Senegal,2021,2
SGP,Singapore,2021,1
SLB,Solomon Islands,2021,1
SLE,Sierra Leone,2021,2
SLV,El Salvador,2021,1
SMR,San Marino,2021,1
SOM,Somalia,2021,1
SPM,Saint Pierre and Miquelon,2021,1
SRB,Serbia,2021,1
SSD,South Sudan,2021,3
STP,Sao Tome and Principe,2021,1
SUR,Suriname,2021,1
SVK,Slovakia,2021,1
SVN,Slovenia,2021,1
SWE,Sweden,2021,1
SWZ,Eswatini,2021,1
SXM,Sint Maarten (Dutch part),2021,1
SYC,Seychelles,2021,1
SYR,Syrian Arab Republic,2021,1
TCA,Turks and Caicos Islands,2021,1
TCD,Chad,2021,3
TGO,Togo,2021,3
THA,Thailand,2021,1
TJK,Tajikistan,2021,1
TLS,Timor-Leste,2021,1
TON,Tonga,2021,1
TTO,Trinidad and Tobago,2021,1
TUN,Tunisia,2021,1
TUR,Turkey,2021,1
TZA,Tanzania United Republic of,2021,1
UGA,Uganda,2021,1
UKR,Ukraine,2021,2
URY,Uruguay,2021,1
USA,United States of America,2021,3
UZB,Uzbekistan,2021,1
VCT,Saint Vincent and the Grenadines,2021,1
VEN,Venezuela (Bolivarian Republic of),2021,2
VGB,Virgin Islands (British),2021,1
VIR,Virgin Islands (U.S.),2021,1
VNM,Viet Nam,2021,1
VUT,Vanuatu,2021,1
WLF,Wallis and Futuna,2021,1
WSM,Samoa,2021,1
YEM,Yemen,2021,2
ZAF,South Africa,2021,1
ZMB,Zambia,2021,1
ZWE,Zimbabwe,2021,1
ABW,Aruba,2022,1
AFG,Afghanistan,2022,2
AGO,Angola,2022,1
AIA,Anguilla,2022,1
ALB,Albania,2022,1
AND,Andorra,2022,1
ARE,United Arab Emirates,2022,1
ARG,Argentina,2022,1
ARM,Armenia,2022,1
ASM,American Samoa,2022,1
ATG,Antigua and Barbuda,2022,1
AUS,Australia,2022,1
AUT,Austria,2022,1
AZE,Azerbaijan,2022,1
BDI,Burundi,2022,1
BEL,Belgium,2022,1
BEN,Benin,2022,2
BES,Bonaire Sint Eustatius and Saba,2022,3
BFA,Burkina Faso,2022,1
BGD,Bangladesh,2022,1
BGR,Bulgaria,2022,1
BHR,Bahrain,2022,1
BHS,Bahamas,2022,1
BIH,Bosnia and Herzegovina,2022,1
BLM,Saint Barthélemy,2022,1
BLR,Belarus,2022,1
BLZ,Belize,2022,1
BMU,Bermuda,2022,1
BOL,Bolivia (Plurinational State of),2022,1
BRA,Brazil,2022,1
BRB,Barbados,2022,1
BRN,Brunei Darussalam,2022,1
BTN,Bhutan,2022,1
BWA,Botswana,2022,1
CAF,Central African Republic,2022,1
CAN,Canada,2022,1
CHE,Switzerland,2022,1
CHL,Chile,2022,1
CHN,China,2022,1
CIV,Côte d'Ivoire,2022,1
CMR,Cameroon,2022,1
COD,Congo Democratic Republic of the,2022,1
COG,Congo,2022,1
COK,Cook Islands,2022,1
COL,Colombia,2022,1
COM,Comoros,2022,1
CPV,Cabo Verde,2022,1
CRI,Costa Rica,2022,1
CUB,Cuba,2022,1
CUW,Curaçao,2022,1
CYM,Cayman Islands,2022,1
CYP,Cyprus,2022,1
CZE,Czechia,2022,1
DEU,Germany,2022,1
DJI,Djibouti,2022,1
DMA,Dominica,2022,1
DNK,Denmark,2022,2
DOM,Dominican Republic,2022,1
DZA,Algeria,2022,1
ECU,Ecuador,2022,1
EGY,Egypt,2022,1
ERI,Eritrea,2022,1
ESP,Spain,2022,2
EST,Estonia,2022,1
ETH,Ethiopia,2022,1
FIN,Finland,2022,1
FJI,Fiji,2022,1
FLK,Falkland Islands (Malvinas),2022,1
FRA,France,2022,1
FRO,Faroe Islands,2022,1
GAB,Gabon,2022,1
GBR,United Kingdom of Great Britain and Northern Ireland,2022,4
GEO,Georgia,2022,1
GGY,Guernsey,2022,1
GHA,Ghana,2022,1
GIB,Gibraltar,2022,1
GIN,Guinea,2022,1
GLP,Guadeloupe,2022,1
GMB,Gambia,2022,1
GNB,Guinea-Bissau,2022,1
GNQ,Equatorial Guinea,2022,1
GRC,Greece,2022,1
GRD,Grenada,2022,1
GRL,Greenland,2022,1
GTM,Guatemala,2022,1
GUF,French Guiana,2022,1
GUM,Guam,2022,1
GUY,Guyana,2022,1
HND,Honduras,2022,1
HRV,Croatia,2022,1
HTI,Haiti,2022,1
HUN,Hungary,2022,1
IDN,Indonesia,2022,1
IMN,Isle of Man,2022,1
IND,India,2022,1
IRL,Ireland,2022,1
IRN,Iran (Islamic Republic of),2022,1
IRQ,Iraq,2022,1
ISL,Iceland,2022,1
ISR,Israel,2022,1
ITA,Italy,2022,1
JAM,Jamaica,2022,1
JEY,Jersey,2022,1
JOR,Jordan,2022,1
JPN,Japan,2022,1
KAZ,Kazakhstan,2022,1
KEN,Kenya,2022,2
KGZ,Kyrgyzstan,2022,1
KHM,Cambodia,2022,1
KIR,Kiribati,2022,1
KNA,Saint Kitts and Nevis,2022,1
KOR,Korea Republic of,2022,1
KWT,Kuwait,2022,1
LAO,Lao People's Democratic Republic,2022,1
LBN,Lebanon,2022,1
LBR,Liberia,2022,1
LBY,Libya,2022,1
LCA,Saint Lucia,2022,1
LIE,Liechtenstein,2022,1
LKA,Sri Lanka,2022,1
LSO,Lesotho,2022,1
LTU,Lithuania,2022,1
LUX,Luxembourg,2022,1
LVA,Latvia,2022,1
MAF,Saint Martin (French part),2022,1
MAR,Morocco,2022,1
MCO,Monaco,2022,1
MDA,Moldova Republic of,2022,1
MDG,Madagascar,2022,1
MDV,Maldives,2022,1
MEX,Mexico,2022,1
MHL,Marshall Islands,2022,1
MKD,North Macedonia,2022,1
MLI,Mali,2022,1
MLT,Malta,2022,1
MMR,Myanmar,2022,1
MNE,Montenegro,2022,1
MNG,Mongolia,2022,1
MNP,Northern Mariana Islands,2022,1
MOZ,Mozambique,2022,1
MRT,Mauritania,2022,1
MSR,Montserrat,2022,1
MTQ,Martinique,2022,1
MUS,Mauritius,2022,1
MWI,Malawi,2022,2
MYS,Malaysia,2022,1
MYT,Mayotte,2022,1
NCL,New Caledonia,2022,1
NER,Niger,2022,1
NGA,Nigeria,2022,2
NIC,Nicaragua,2022,1
NIU,Niue,2022,1
NLD,Netherlands,2022,1
NOR,Norway,2022,1
NPL,Nepal,2022,1
NZL,New Zealand,2022,1
OMN,Oman,2022,1
PAK,Pakistan,2022,1
PAN,Panama,2022,1
PER,Peru,2022,1
PHL,Philippines,2022,1
PLW,Palau,2022,1
PNG,Papua New Guinea,2022,1
POL,Poland,2022,1
PRI,Puerto Rico,2022,1
PRT,Portugal,2022,1
PRY,Paraguay,2022,1
PSE,Palestine State of,2022,1
PYF,French Polynesia,2022,1
QAT,Qatar,2022,1
REU,Réunion,2022,1
ROU,Romania,2022,1
RUS,Russian Federation,2022,1
RWA,Rwanda,2022,1
SAU,Saudi Arabia,2022,1
SDN,Sudan,2022,1
SEN,Senegal,2022,1
SGP,Singapore,2022,1
SLB,Solomon Islands,2022,1
SLE,Sierra Leone,2022,1
SLV,El Salvador,2022,1
SMR,San Marino,2022,1
SOM,Somalia,2022,1
SPM,Saint Pierre and Miquelon,2022,1
SRB,Serbia,2022,1
SSD,South Sudan,2022,1
STP,Sao Tome and Principe,2022,1
SUR,Suriname,2022,1
SVK,Slovakia,2022,1
SVN,Slovenia,2022,1
SWE,Sweden,2022,1
SWZ,Eswatini,2022,1
SXM,Sint Maarten (Dutch part),2022,1
SYC,Seychelles,2022,1
SYR,Syrian Arab Republic,2022,1
TCA,Turks and Caicos Islands,2022,1
TCD,Chad,2022,2
TGO,Togo,2022,2
THA,Thailand,2022,1
TJK,Tajikistan,2022,1
TLS,Timor-Leste,2022,2
TON,Tonga,2022,1
TTO,Trinidad and Tobago,2022,1
TUN,Tunisia,2022,1
TUR,Turkey,2022,1
TZA,Tanzania United Republic of,2022,1
UGA,Uganda,2022,1
UKR,Ukraine,2022,1
URY,Uruguay,2022,1
USA,United States of America,2022,1
UZB,Uzbekistan,2022,1
VCT,Saint Vincent and the Grenadines,2022,1
VEN,Venezuela (Bolivarian Republic of),2022,1
VGB,Virgin Islands (British),2022,1
VIR,Virgin Islands (U.S.),2022,1
VNM,Viet Nam,2022,1
VUT,Vanuatu,2022,1
WSM,Samoa,2022,1
YEM,Yemen,2022,1
ZAF,South Africa,2022,1
ZMB,Zambia,2022,1
ZWE,Zimbabwe,2022,1
